"Number and percentage of schools offering Algebra I classes and with at least one student enrolled in the class, by grade level: 2015�16",,,,
Grade level,"Total number 
of schools 
with grade level","Number of schools 
offering Algebra I",    Percentage of schools offering Algebra I,
8th grade," 29,385 "," 17,323 ",59.0,
,,,,
9th or 10th grade," 25,773 "," 21,733 ",84.3,
11th or 12th grade," 25,773 "," 15,397 ",59.7,
Notes: This table is based on data submitted by 50 states and the District of Columbia.,,,,
"Source: U.S. Department of Education, Office for Civil Rights, 2015�16 Civil Rights Data Collection.",,,,
